<application>
  <component name="CodotaSettings">
    <option name="methodCompletionsPercentageSet" value="true" />
    <option name="id" value="74bfccc4-d588-405e-9a9f-2d6ea6be79a1" />
    <option name="wasRunBefore" value="true" />
    <option name="firstRun" value="1616559146327" />
    <option name="generation" value="128" />
    <option name="updateGeneration" value="1" />
    <option name="isInJSBeta" value="YES" />
    <option name="isMethodCompletionsPercentageActive" value="true" />
    <option name="isMethodCompletionsPercentageSet" value="true" />
    <option name="testedFeatureFlags">
      <set>
        <option value="deep-completions" />
      </set>
    </option>
    <option name="usedLanguages">
      <set>
        <option value="java" />
        <option value="javascript" />
        <option value="kotlin" />
      </set>
    </option>
    <option name="lastTabnineRecommendationDisplayDate" value="1657247621111" />
  </component>
</application>