<application>
  <component name="FileTypeManager" version="18">
    <extensionMap>
      <mapping ext="space.kts" type="Kotlin" />
      <mapping ext="gradle.kts" type="Kotlin" />
      <mapping ext="main.kts" type="Kotlin" />
      <mapping pattern="._components" type="Native" />
      <mapping pattern="._xxl-job-executor-sample-spring" type="PLAIN_TEXT" />
      <mapping pattern="colors.flt" type="PLAIN_TEXT" />
      <mapping pattern="apollo" type="PLAIN_TEXT" />
      <mapping pattern=".gitkeep" type="PLAIN_TEXT" />
      <mapping pattern="._apollo" type="PLAIN_TEXT" />
      <mapping pattern=".gitingroe" type="PLAIN_TEXT" />
      <mapping pattern="._Dockerfile" type="PLAIN_TEXT" />
      <mapping ext="rpcargsfilter" type="PLAIN_TEXT" />
      <mapping ext="flt" type="PLAIN_TEXT" />
      <mapping ext="factories" type="PLAIN_TEXT" />
      <mapping ext="filter" type="PLAIN_TEXT" />
      <mapping ext="crt" type="PLAIN_TEXT" />
      <mapping ext="csv" type="PLAIN_TEXT" />
      <mapping ext="cer" type="PLAIN_TEXT" />
      <mapping ext="lombok" type="PLAIN_TEXT" />
      <removed_mapping ext="apk" approved="true" type="ARCHIVE" />
      <removed_mapping ext="csv" approved="true" type="CSV/TSV" />
      <removed_mapping ext="ignore" approved="true" type="IgnoreLang file" />
      <removed_mapping ext="json" approved="true" type="JSON" />
      <removed_mapping ext="psd" approved="true" type="Image" />
      <removed_mapping ext="tsv" approved="true" type="CSV/TSV" />
      <removed_mapping ext="yaml" approved="true" type="YAML" />
    </extensionMap>
  </component>
</application>