<application>
  <component name="GitRememberedInputs">
    <option name="visitedUrls">
      <list>
        <UrlAndUserName>
          <option name="url" value="http://121.40.242.195/JC/huchengbaomadmz.git" />
          <option name="userName" value="" />
        </UrlAndUserName>
        <UrlAndUserName>
          <option name="url" value="http://121.40.242.195/kqyu/xyj.git" />
          <option name="userName" value="" />
        </UrlAndUserName>
        <UrlAndUserName>
          <option name="url" value="http://gitlab.developer.xforcecloud.com/xf-cdc-fh/fh-backend.git" />
          <option name="userName" value="" />
        </UrlAndUserName>
        <UrlAndUserName>
          <option name="url" value="http://gitlab4.0.xforceplus.com/phoenix-purchaser/phoenix-purchaser-openapi.git" />
          <option name="userName" value="" />
        </UrlAndUserName>
        <UrlAndUserName>
          <option name="url" value="https://gitee.com/mutech/tpms.git" />
          <option name="userName" value="" />
        </UrlAndUserName>
        <UrlAndUserName>
          <option name="url" value="http://121.40.242.195/FastDMZ/platform-ops.git" />
          <option name="userName" value="" />
        </UrlAndUserName>
        <UrlAndUserName>
          <option name="url" value="https://github.com/cooker/gt-core-base.git" />
          <option name="userName" value="" />
        </UrlAndUserName>
        <UrlAndUserName>
          <option name="url" value="http://git.x2era.com" />
          <option name="userName" value="kequnyu" />
        </UrlAndUserName>
        <UrlAndUserName>
          <option name="url" value="http://gitlab.com" />
          <option name="userName" value="947037224@qq.com" />
        </UrlAndUserName>
        <UrlAndUserName>
          <option name="url" value="http://codeup.aliyun.com" />
          <option name="userName" value="ykq" />
        </UrlAndUserName>
        <UrlAndUserName>
          <option name="url" value="https://github.com.cnpmjs.org/JetBrains/intellij-platform-plugin-template.git" />
          <option name="userName" value="" />
        </UrlAndUserName>
        <UrlAndUserName>
          <option name="url" value="https://git.x2era.com/b-line-product/product-xcloud-group/xcloud-backend-group/xcloud-promotion.git" />
          <option name="userName" value="" />
        </UrlAndUserName>
        <UrlAndUserName>
          <option name="url" value="https://hub.fastgit.org/halo-dev/halo.git" />
          <option name="userName" value="" />
        </UrlAndUserName>
        <UrlAndUserName>
          <option name="url" value="https://github.com/quarkusio/quarkus.git" />
          <option name="userName" value="" />
        </UrlAndUserName>
        <UrlAndUserName>
          <option name="url" value="http://gitee.com" />
          <option name="userName" value="king947037224@qq.com" />
        </UrlAndUserName>
        <UrlAndUserName>
          <option name="url" value="http://github.com.cnpmjs.org" />
          <option name="userName" value="cooker" />
        </UrlAndUserName>
        <UrlAndUserName>
          <option name="url" value="http://github.91chi.fun" />
          <option name="userName" value="cooker" />
        </UrlAndUserName>
      </list>
    </option>
    <option name="cloneParentDir" value="$USER_HOME$/Documents/个人/Code" />
  </component>
  <component name="Vcs.Log.App.Settings">
    <option name="SHOW_CHANGES_FROM_PARENTS" value="true" />
    <option name="COLUMN_ID_ORDER">
      <list>
        <option value="Default.Root" />
        <option value="Default.Subject" />
        <option value="Default.Author" />
        <option value="Default.Date" />
        <option value="Space.CommitStatus" />
      </list>
    </option>
  </component>
</application>