<application>
  <component name="AppStorage">
    <option name="newTranslationDialogHeight" value="578" />
    <option name="newTranslationDialogWidth" value="1306" />
    <option name="newTranslationDialogX" value="127" />
    <option name="newTranslationDialogY" value="166" />
    <histories>
      <item value="anchor" />
      <item value="Uncategorized Mongo Db Exception" />
      <item value="ASCENDING" />
      <item value="Configure the bean factory with context callbacks." />
      <item value="Instantiation Aware Bean Post Processor" />
      <item value="Spring Utils" />
      <item value="Compare" />
      <item value="ops" />
      <item value="Fork" />
      <item value="Warmup" />
      <item value="Average Time" />
      <item value="this method was intentionally left blank." />
      <item value="Invoke" />
      <item value="refresh" />
      <item value="Tell the subclass to refresh the internal bean factory." />
      <item value="prepare this context for refreshing." />
      <item value="Prepare this context for refreshing." />
      <item value="Invoke factory processors registered as beans in the context." />
      <item value="Allows post-processing of the bean factory in context subclasses." />
      <item value="Prepare the bean factory for use in this context." />
      <item value="Tell the subclass to refresh the internal bean factory" />
      <item value="sort" />
      <item value="spike" />
      <item value="h 5 spike" />
      <item value="sipke" />
      <item value="h 5 sipke" />
      <item value="context" />
      <item value="content" />
      <item value="ORDER TIMEOUT DELAY HOUR" />
      <item value="Page" />
      <item value="Environment" />
      <item value="CONVERTIBLE PAIRS" />
      <item value="Spring Objenesis" />
      <item value="Persist" />
      <item value="Persister" />
      <item value="Properties Persister" />
      <item value="fc" />
      <item value="Constructor" />
      <item value="Instance" />
      <item value="get Declared Method" />
      <item value="Concrete" />
      <item value="find Concrete Methods On Interfaces" />
      <item value="get Declaring Class" />
      <item value="get Modifiers" />
      <item value="Extract" />
      <item value="drain" />
      <item value="Close" />
      <item value="bytes Read" />
      <item value="num Requested" />
      <item value="separator" />
    </histories>
    <option name="languageScores">
      <map>
        <entry key="CHINESE" value="226" />
        <entry key="ENGLISH" value="227" />
        <entry key="CHINESE_TRADITIONAL" value="14" />
        <entry key="GERMAN" value="1" />
        <entry key="FRENCH" value="5" />
        <entry key="FRISIAN" value="1" />
        <entry key="DUTCH" value="1" />
        <entry key="CATALAN" value="1" />
        <entry key="LATIN" value="2" />
        <entry key="ZULU" value="1" />
        <entry key="JAPANESE" value="1" />
        <entry key="SWEDISH" value="2" />
        <entry key="ESPERANTO" value="4" />
        <entry key="SPANISH" value="3" />
        <entry key="ITALIAN" value="2" />
        <entry key="INDONESIAN" value="1" />
      </map>
    </option>
  </component>
  <component name="Cache">
    <option name="lastTrimTime" value="1657251368191" />
  </component>
  <component name="Settings">
    <option name="googleTranslateSettings">
      <google-translate>
        <option name="primaryLanguage" value="CHINESE" />
      </google-translate>
    </option>
    <option name="youdaoTranslateSettings">
      <youdao-translate>
        <option name="appId" value="22f2a89485fc68d3" />
        <option name="primaryLanguage" value="CHINESE" />
      </youdao-translate>
    </option>
  </component>
</application>